"Name","Color","Rarity","# Seen","ALSA","# Picked","ATA","# GP","% GP","GP WR","# OH","OH WR","# GD","GD WR","# GIH","GIH WR","# GNS","GNS WR","IIH"
"Changeling Wayfinder","","C","232675","4.59","45959","6.32","3900","73.9%","51.9%","684","50.9%","930","53.9%","1614","52.6%","2248","51.2%","1.4pp"
"Rooftop Percher","","C","295914","6.23","47881","8.71","2448","50.4%","51.9%","420","","608","55.8%","1028","53.8%","1397","50.2%","3.6pp"
"Adept Watershaper","W","R","11807","2.14","5257","2.31","1524","99.7%","52.6%","285","","371","","656","55.3%","874","50.7%","4.6pp"
"Ajani, Outland Chaperone","W","M","4327","1.49","2693","1.54","1158","100.0%","54.7%","234","","301","","535","63.0%","629","48.0%","15.0pp"
"Appeal to Eirdu","W","C","320101","7.75","36149","11.28","721","12.6%","44.7%","109","","167","","276","","445","",""
"Bark of Doran","W","U","120724","7.19","14775","10.46","651","26.1%","50.5%","114","","163","","277","","376","",""
"Brigid, Clachan's Heart","W","R","11871","2.20","5250","2.34","1232","89.8%","51.5%","246","","283","","529","54.6%","698","49.1%","5.5pp"
"Burdened Stoneback","W","U","80103","4.55","13268","5.98","6185","96.0%","51.0%","1113","49.1%","1493","52.0%","2606","50.8%","3581","51.0%","-0.3pp"
"Champion of the Clachan","W","R","16961","2.84","4960","3.25","948","77.6%","48.4%","176","","230","","406","","538","46.8%",""
"Clachan Festival","W","U","64133","3.84","15515","4.65","3220","85.6%","51.2%","565","53.6%","761","51.8%","1326","52.6%","1874","50.1%","2.5pp"
"Crib Swap","W","U","93393","5.43","9370","8.40","1280","54.3%","47.6%","212","","317","","529","48.2%","740","47.3%","0.9pp"
"Curious Colossus","W","M","5377","1.78","3105","1.82","1554","99.8%","56.4%","254","","372","","626","64.1%","928","51.1%","13.0pp"
"Eirdu, Carrier of Dawn","W","M","4321","1.48","2803","1.50","1129","99.6%","53.1%","190","","280","","470","","657","48.2%",""
"Encumbered Reejerey","W","U","60804","3.59","16804","4.24","3684","94.2%","51.7%","631","55.6%","900","49.3%","1531","51.9%","2161","51.5%","0.4pp"
"Evershrike's Gift","W","U","102303","5.79","13801","8.23","2205","62.9%","48.3%","346","","525","48.2%","871","48.3%","1334","48.2%","0.1pp"
"Flock Impostor","W","U","69197","3.89","15466","4.87","3783","93.8%","52.0%","652","50.0%","945","53.2%","1597","51.9%","2159","52.0%","-0.1pp"
"Gallant Fowlknight","W","C","281680","6.45","37250","9.17","3013","46.6%","49.7%","494","","714","49.6%","1208","49.7%","1787","49.7%","-0.0pp"
"Goldmeadow Nomad","W","C","290580","6.65","35583","9.59","3323","45.8%","50.6%","561","53.1%","762","47.8%","1323","50.0%","1990","50.8%","-0.7pp"
"Keep Out","W","C","248749","5.31","32468","7.73","5348","70.1%","50.4%","919","47.1%","1327","50.0%","2246","48.8%","3104","51.5%","-2.6pp"
"Kinbinding","W","R","9383","1.79","5968","1.83","2675","99.3%","54.8%","450","","690","62.6%","1140","62.3%","1550","49.2%","13.1pp"
"Kinsbaile Aspirant","W","U","74924","4.41","16373","5.29","2017","67.3%","50.6%","370","","425","","795","51.8%","1212","49.5%","2.3pp"
"Kinscaer Sentry","W","R","12816","2.23","5271","2.42","2010","99.2%","52.7%","383","","477","","860","55.3%","1149","50.7%","4.7pp"
"Kithkeeper","W","U","94704","5.27","16835","7.07","2231","61.6%","51.6%","369","","616","50.6%","985","51.1%","1231","51.5%","-0.4pp"
"Liminal Hold","W","C","172508","3.74","43352","4.69","10858","97.5%","53.3%","1805","51.7%","2708","57.0%","4513","54.9%","6364","52.2%","2.7pp"
"Meanders Guide","W","U","77720","4.56","14409","5.90","1058","55.7%","50.8%","184","","244","","428","","626","48.6%",""
"Moonlit Lamenter","W","U","66639","3.93","15093","4.83","6272","98.0%","53.9%","1117","55.5%","1601","57.2%","2718","56.5%","3576","51.9%","4.6pp"
"Morningtide's Light","W","M","12958","3.38","2955","4.01","671","82.0%","51.3%","118","","159","","277","","394","",""
"Personify","W","U","90062","5.00","14964","6.77","2120","64.9%","48.8%","374","","524","51.0%","898","49.3%","1222","48.4%","0.9pp"
"Protective Response","W","U","55552","3.30","16691","3.85","4015","97.1%","52.5%","708","51.7%","970","55.9%","1678","54.1%","2337","51.4%","2.7pp"
"Pyrrhic Strike","W","U","53135","3.19","18336","3.65","4940","98.2%","53.7%","902","54.7%","1252","57.8%","2154","56.5%","2785","51.5%","5.0pp"
"Reluctant Dounguard","W","C","277324","6.22","32491","9.16","4377","54.7%","49.5%","734","52.0%","1004","49.8%","1738","50.7%","2629","48.6%","2.1pp"
"Rhys, the Evermore","W","R","15924","2.64","5045","2.93","2034","99.1%","50.2%","341","","506","49.2%","847","49.5%","1187","50.7%","-1.2pp"
"Riverguard's Reflexes","W","C","310503","7.31","36109","10.72","1836","28.1%","47.4%","316","","442","","758","43.8%","1080","49.8%","-6.0pp"
"Shore Lurker","W","C","286919","6.45","36969","9.26","2649","44.8%","49.1%","439","","666","50.8%","1105","48.6%","1552","49.5%","-0.9pp"
"Slumbering Walker","W","R","11572","2.05","5734","2.17","2708","99.1%","52.8%","443","","708","59.2%","1151","58.6%","1572","48.5%","10.0pp"
"Spiral into Solitude","W","C","196161","4.16","40357","5.43","10410","95.1%","51.9%","1870","51.0%","2557","54.6%","4427","53.1%","5982","51.1%","2.0pp"
"Sun-Dappled Celebrant","W","C","272262","5.93","35785","8.53","5994","67.8%","50.6%","1001","52.0%","1532","54.2%","2533","53.4%","3495","48.5%","4.8pp"
"Thoughtweft Imbuer","W","U","65872","4.08","16671","4.74","2207","71.2%","51.1%","372","","516","51.7%","888","52.4%","1307","50.0%","2.4pp"
"Timid Shieldbearer","W","C","260517","5.63","42410","7.67","8461","83.6%","52.2%","1527","52.2%","2049","52.3%","3576","52.2%","4868","52.2%","-0.0pp"
"Tributary Vaulter","W","C","278100","6.33","41838","8.65","856","20.9%","47.1%","144","","199","","343","","512","47.7%",""
"Wanderbrine Preacher","W","C","258096","5.55","44856","7.42","6416","73.7%","51.8%","1142","53.3%","1498","50.8%","2640","51.9%","3774","51.6%","0.3pp"
"Wanderbrine Trapper","W","U","64329","3.78","19510","4.35","3377","89.9%","52.9%","640","58.8%","808","51.0%","1448","54.4%","1929","51.7%","2.7pp"
"Winnowing","W","R","28076","4.00","5167","5.11","724","71.3%","47.9%","120","","168","","288","","437","",""
"Aquitect's Defenses","U","C","308220","7.20","39079","10.47","0","0.0%","","0","","0","","0","","0","",""
"Blossombind","U","C","217227","4.58","46168","5.99","59","4.8%","","13","","16","","29","","30","",""
"Champions of the Shoal","U","R","14353","2.56","5918","2.79","36","","","1","","12","","13","","25","",""
"Disruptor of Currents","U","R","13868","2.33","6772","2.52","18","","","1","","7","","8","","10","",""
"Flitterwing Nuisance","U","R","13604","2.37","6375","2.54","43","","","1","","15","","16","","27","",""
"Glamer Gifter","U","U","70107","4.00","19122","4.82","20","3.9%","","3","","3","","6","","14","",""
"Glamermite","U","C","291651","6.60","39086","9.52","0","0.0%","","0","","0","","0","","0","",""
"Glen Elendra Guardian","U","R","14519","2.41","6444","2.60","54","","","13","","13","","26","","28","",""
"Glen Elendra's Answer","U","M","16590","3.89","4452","4.59","0","","","0","","0","","0","","0","",""
"Gravelgill Scoundrel","U","C","275841","6.30","46282","8.41","0","0.0%","","0","","0","","0","","0","",""
"Harmonized Crescendo","U","R","26952","3.87","5854","4.85","18","","","3","","5","","8","","10","",""
"Illusion Spinners","U","U","105157","5.98","13620","8.63","0","0.0%","","0","","0","","0","","0","",""
"Kulrath Mystic","U","C","302528","7.07","42357","10.00","22","0.9%","","4","","7","","11","","11","",""
"Loch Mare","U","M","5203","1.71","3337","1.78","91","","","11","","26","","37","","55","",""
"Lofty Dreams","U","U","92376","5.15","17229","6.77","5","0.7%","","1","","0","","1","","4","",""
"Mirrorform","U","M","11373","3.17","3574","3.51","5","","","2","","2","","4","","1","",""
"Noggle the Mind","U","U","78518","4.42","15218","5.71","19","","","4","","3","","7","","12","",""
"Oko, Lorwyn Liege","U","M","5362","1.81","3063","1.84","46","","","7","","9","","16","","30","",""
"Omni-Changeling","U","U","61368","3.60","19405","4.18","29","5.5%","","5","","12","","17","","12","",""
"Pestered Wellguard","U","U","69232","4.06","15683","5.01","16","2.9%","","6","","5","","11","","5","",""
"Rime Chill","U","U","107607","5.96","16199","8.34","64","7.1%","","5","","16","","21","","44","",""
"Rimefire Torque","U","R","48203","5.91","5830","9.07","0","0.0%","","0","","0","","0","","0","",""
"Rimekin Recluse","U","U","49815","3.07","21232","3.44","123","20.1%","","29","","25","","54","","68","",""
"Run Away Together","U","C","308279","7.25","39231","10.50","13","0.7%","","0","","3","","3","","10","",""
"Shinestriker","U","U","65015","3.84","21404","4.38","186","24.6%","","31","","49","","80","","103","",""
"Silvergill Mentor","U","U","71044","4.20","19487","4.90","0","","","0","","0","","0","","0","",""
"Silvergill Peddler","U","C","289535","6.59","44719","9.10","4","0.2%","","1","","0","","1","","3","",""
"Spell Snare","U","U","117201","6.83","13465","10.18","0","0.0%","","0","","0","","0","","0","",""
"Stratosoarer","U","C","280941","6.07","42252","8.61","75","4.2%","","12","","18","","30","","45","",""
"Summit Sentinel","U","C","288198","6.50","41559","9.15","3","0.2%","","0","","0","","0","","3","",""
"Sunderflock","U","R","13198","2.42","5768","2.56","63","","","13","","16","","29","","34","",""
"Swat Away","U","U","89553","4.96","17553","6.45","0","0.0%","","0","","0","","0","","0","",""
"Sygg, Wanderwine Wisdom","U","R","12279","2.24","5888","2.40","129","","","21","","27","","48","","80","",""
"Tanufel Rimespeaker","U","U","66803","3.97","19007","4.66","99","16.3%","","18","","26","","44","","55","",""
"Temporal Cleansing","U","C","280416","6.06","51770","8.18","50","2.5%","","10","","9","","19","","31","",""
"Thirst for Identity","U","U","100650","5.65","14481","8.01","2","0.3%","","0","","0","","0","","2","",""
"Unexpected Assistance","U","C","255787","5.46","50668","7.20","21","1.2%","","4","","2","","6","","15","",""
"Unwelcome Sprite","U","U","79914","4.53","19349","5.59","0","0.0%","","0","","0","","0","","0","",""
"Wanderwine Distracter","U","C","309884","7.54","37378","10.95","0","0.0%","","0","","0","","0","","0","",""
"Wanderwine Farewell","U","U","87579","4.94","18964","6.19","14","2.0%","","3","","2","","5","","9","",""
"Wild Unraveling","U","C","305685","7.19","40658","10.31","5","0.2%","","1","","1","","2","","3","",""
"Auntie's Sentence","B","C","273949","5.91","35855","8.51","0","0.0%","","0","","0","","0","","0","",""
"Barbed Bloodletter","B","C","311562","7.38","36745","10.78","0","0.0%","","0","","0","","0","","0","",""
"Bile-Vial Boggart","B","C","287988","6.59","34871","9.52","0","0.0%","","0","","0","","0","","0","",""
"Bitterbloom Bearer","B","M","5513","1.86","2713","1.92","13","","","2","","4","","6","","7","",""
"Blight Rot","B","C","171237","3.77","40011","4.72","93","9.1%","","11","","26","","37","","56","",""
"Blighted Blackthorn","B","C","298462","6.78","36811","9.89","65","3.0%","","12","","17","","29","","37","",""
"Bloodline Bidding","B","R","19403","3.09","6396","3.38","5","","","1","","1","","2","","3","",""
"Boggart Mischief","B","U","69485","4.25","15170","5.08","34","4.8%","","4","","8","","12","","22","",""
"Boggart Prankster","B","C","295155","6.95","37566","9.83","0","0.0%","","0","","0","","0","","0","",""
"Bogslither's Embrace","B","C","174661","3.82","42344","4.77","196","15.3%","","39","","58","","97","","99","",""
"Champion of the Weird","B","R","17473","2.95","5299","3.33","97","","","8","","32","","40","","58","",""
"Creakwood Safewright","B","U","61889","3.69","17385","4.35","0","","","0","","0","","0","","0","",""
"Darkness Descends","B","U","110246","6.38","12281","9.58","0","0.0%","","0","","0","","0","","0","",""
"Dawnhand Dissident","B","R","13816","2.34","6359","2.52","61","","","12","","16","","28","","33","",""
"Dawnhand Eulogist","B","C","247486","5.54","48742","7.04","0","0.0%","","0","","0","","0","","0","",""
"Dose of Dawnglow","B","U","104042","5.76","13642","8.33","13","2.1%","","2","","4","","6","","7","",""
"Dream Seizer","B","C","298586","6.84","36546","9.94","37","1.9%","","5","","14","","19","","18","",""
"Gloom Ripper","B","R","13195","2.36","5886","2.52","3","","","0","","0","","0","","3","",""
"Gnarlbark Elm","B","U","70829","4.08","14280","5.14","74","13.6%","","14","","23","","37","","38","",""
"Graveshifter","B","U","57644","3.36","16768","4.01","97","17.9%","","14","","29","","43","","54","",""
"Grub, Storied Matriarch","B","R","19823","3.19","5400","3.70","30","","","3","","12","","15","","15","",""
"Gutsplitter Gang","B","U","94085","5.43","13447","7.44","4","0.6%","","0","","0","","0","","4","",""
"Heirloom Auntie","B","C","291961","6.86","33372","10.00","7","0.4%","","2","","0","","2","","5","",""
"Iron-Shield Elf","B","U","69798","4.01","18421","4.79","0","","","0","","0","","0","","0","",""
"Moonglove Extractor","B","C","286743","6.46","35786","9.36","0","0.0%","","0","","0","","0","","0","",""
"Moonshadow","B","M","6416","2.03","2767","2.16","29","","","3","","9","","12","","17","",""
"Mornsong Aria","B","R","49614","5.98","6081","9.18","0","0.0%","","0","","0","","0","","0","",""
"Mudbutton Cursetosser","B","U","86278","4.95","15341","6.31","3","0.5%","","0","","1","","1","","2","",""
"Nameless Inversion","B","U","50958","3.06","17283","3.55","24","","","6","","8","","14","","10","",""
"Nightmare Sower","B","U","89828","5.21","12312","7.23","7","1.2%","","3","","2","","5","","2","",""
"Perfect Intimidation","B","U","116512","6.72","12320","10.25","0","0.0%","","0","","0","","0","","0","",""
"Requiting Hex","B","U","84758","4.73","13200","6.40","0","0.0%","","0","","0","","0","","0","",""
"Retched Wretch","B","U","96370","5.49","13787","7.56","1","0.2%","","0","","1","","1","","0","",""
"Scarblade Scout","B","C","236475","5.17","47644","6.62","0","0.0%","","0","","0","","0","","0","",""
"Scarblade's Malice","B","C","291245","6.54","35628","9.57","0","0.0%","","0","","0","","0","","0","",""
"Shimmercreep","B","U","93482","5.08","17132","6.84","247","22.3%","","42","","57","","99","","143","",""
"Taster of Wares","B","R","16867","2.79","6409","3.03","61","","","9","","16","","25","","34","",""
"Twilight Diviner","B","R","19941","3.07","5655","3.60","7","","","1","","1","","2","","5","",""
"Unbury","B","U","70855","3.96","16887","4.94","61","","","10","","19","","29","","33","",""
"Ashling, Rekindled","R","R","16370","2.76","6330","3.02","855","76.1%","52.5%","153","","209","","362","","487","",""
"Boldwyr Aggressor","R","U","108946","6.32","13835","9.16","5510","79.2%","51.1%","919","51.4%","1374","53.2%","2293","52.5%","3237","50.1%","2.4pp"
"Boneclub Berserker","R","C","300288","7.39","34582","10.75","716","12.9%","47.2%","108","","188","","296","","415","",""
"Boulder Dash","R","U","69703","3.98","17518","4.85","4760","93.5%","51.8%","879","51.1%","1097","56.3%","1976","54.0%","2786","50.2%","3.8pp"
"Brambleback Brute","R","C","298005","6.98","37170","10.07","11313","76.6%","51.4%","1988","47.3%","2758","54.1%","4746","51.2%","6574","51.5%","-0.3pp"
"Burning Curiosity","R","C","308999","7.28","43121","10.22","5975","54.5%","50.8%","977","46.0%","1515","52.2%","2492","49.8%","3486","51.6%","-1.8pp"
"Champion of the Path","R","R","19070","3.13","5665","3.59","900","77.3%","50.9%","152","","220","","372","","514","53.1%",""
"Cinder Strike","R","C","184336","4.09","49654","4.97","14828","98.2%","52.9%","2570","54.3%","3579","54.6%","6149","54.5%","8681","51.8%","2.6pp"
"Collective Inferno","R","R","31831","4.48","4754","6.26","359","46.1%","","55","","85","","140","","220","",""
"Elder Auntie","R","C","287195","6.68","38127","9.46","4741","50.7%","50.0%","846","49.6%","1103","50.0%","1949","49.8%","2782","50.1%","-0.3pp"
"End-Blaze Epiphany","R","R","15985","2.57","7380","2.75","2288","100.0%","54.8%","377","","565","59.6%","942","59.2%","1347","51.7%","7.5pp"
"Enraged Flamecaster","R","C","287148","6.63","36525","9.57","3260","42.4%","50.1%","621","47.3%","758","50.3%","1379","48.9%","1872","51.0%","-2.0pp"
"Explosive Prodigy","R","U","60632","3.58","20393","4.11","4424","92.8%","53.7%","800","55.3%","1129","57.3%","1929","56.5%","2470","51.4%","5.0pp"
"Feed the Flames","R","C","225073","4.84","43475","6.36","10318","89.7%","51.3%","1728","50.6%","2596","54.3%","4324","52.8%","5995","50.3%","2.5pp"
"Flame-Chain Mauler","R","C","290320","6.61","43114","9.21","8340","72.6%","50.7%","1432","48.5%","1952","50.7%","3384","49.8%","4918","51.3%","-1.5pp"
"Flamebraider","R","U","65590","3.97","20098","4.54","3335","84.2%","53.8%","624","57.2%","828","51.0%","1452","53.7%","1861","53.9%","-0.2pp"
"Flamekin Gildweaver","R","C","268070","5.93","49494","7.76","8755","76.8%","52.6%","1537","52.6%","2235","54.9%","3772","54.0%","4944","51.4%","2.6pp"
"Giantfall","R","U","85838","4.79","14897","6.33","3691","80.8%","50.6%","556","47.7%","915","51.7%","1471","50.2%","2221","50.9%","-0.7pp"
"Goatnap","R","U","123230","7.45","13526","11.10","333","12.7%","","50","","72","","122","","211","",""
"Goliath Daydreamer","R","R","15956","2.66","6180","2.91","2503","95.6%","51.5%","411","","614","56.2%","1025","54.3%","1493","49.5%","4.8pp"
"Gristle Glutton","R","C","282846","6.40","47311","8.58","10138","78.9%","51.6%","1820","52.9%","2462","53.7%","4282","53.4%","5841","50.3%","3.1pp"
"Hexing Squelcher","R","R","21289","3.22","4403","4.07","1398","93.7%","50.1%","249","","318","","567","51.7%","831","49.1%","2.6pp"
"Impolite Entrance","R","U","121419","7.23","13656","10.69","840","27.3%","45.1%","148","","183","","331","","509","49.5%",""
"Kindle the Inner Flame","R","U","108329","6.30","16922","8.53","843","30.4%","49.0%","133","","197","","330","","507","50.5%",""
"Kulrath Zealot","R","C","247381","5.36","50804","6.90","10706","86.3%","53.3%","1885","53.3%","2631","56.0%","4516","54.9%","6146","51.9%","3.0pp"
"Lasting Tarfire","R","U","110179","6.61","14583","9.31","975","38.1%","45.4%","156","","245","","401","","575","45.6%",""
"Lavaleaper","R","R","41010","5.36","5003","8.31","305","30.0%","","46","","74","","120","","182","",""
"Meek Attack","R","M","25038","5.49","3173","8.41","9","","","2","","2","","4","","5","",""
"Reckless Ransacking","R","C","316187","7.83","35525","11.47","2139","26.3%","50.0%","374","","496","","870","52.5%","1269","48.3%","4.2pp"
"Scuzzback Scrounger","R","R","20288","3.11","6096","3.59","2108","98.5%","51.4%","346","","506","52.8%","852","54.2%","1255","49.6%","4.7pp"
"Sear","R","U","48828","2.94","17565","3.39","5593","99.8%","51.8%","1005","53.0%","1371","56.2%","2376","54.9%","3217","49.5%","5.4pp"
"Sizzling Changeling","R","U","76357","4.22","17877","5.25","5517","97.2%","53.1%","938","51.1%","1403","54.5%","2341","53.1%","3142","53.0%","0.1pp"
"Soul Immolation","R","M","6940","2.23","3714","2.31","1455","99.3%","55.7%","271","","359","","630","62.4%","825","50.7%","11.7pp"
"Soulbright Seeker","R","U","94317","5.35","17478","6.97","2439","69.0%","51.4%","385","","596","51.0%","981","51.4%","1443","51.6%","-0.2pp"
"Sourbread Auntie","R","U","85278","4.95","16477","6.31","3668","79.2%","52.0%","643","53.7%","946","52.4%","1589","52.9%","2068","51.3%","1.6pp"
"Spinerock Tyrant","R","M","5278","1.76","2953","1.82","1267","100.0%","55.2%","243","","346","","589","61.5%","699","49.6%","11.8pp"
"Squawkroaster","R","U","97594","5.48","14383","7.63","1836","58.1%","52.7%","312","","457","","769","54.1%","1067","51.5%","2.6pp"
"Sting-Slinger","R","U","98646","5.63","15105","7.68","3568","78.3%","50.0%","592","46.6%","851","53.2%","1443","50.5%","2130","49.6%","0.9pp"
"Tweeze","R","C","209824","4.52","43284","5.87","12251","95.0%","52.3%","2108","53.2%","2944","52.7%","5052","52.9%","7199","51.9%","1.0pp"
"Warren Torchmaster","R","U","104106","5.94","14866","8.25","3012","70.1%","51.2%","530","45.8%","717","54.5%","1247","50.8%","1765","51.5%","-0.7pp"
"Assert Perfection","G","C","181711","3.89","50475","4.78","42","4.6%","","11","","3","","14","","28","",""
"Aurora Awakener","G","M","5125","1.71","3372","1.72","145","","","37","","36","","73","","72","",""
"Bloom Tender","G","M","7556","2.20","2885","2.38","5","","","0","","1","","1","","4","",""
"Blossoming Defense","G","U","86224","4.61","17028","6.05","0","","","0","","0","","0","","0","",""
"Bristlebane Battler","G","R","10663","1.97","5333","2.09","75","","","13","","18","","31","","44","",""
"Bristlebane Outrider","G","U","77750","4.36","16260","5.52","6","1.2%","","0","","1","","1","","5","",""
"Celestial Reunion","G","M","15327","3.73","2737","4.83","3","","","0","","2","","2","","1","",""
"Champions of the Perfect","G","R","10685","2.02","5290","2.13","18","","","9","","4","","13","","6","",""
"Chomping Changeling","G","U","89928","4.85","12357","6.91","30","","","7","","6","","13","","17","",""
"Crossroads Watcher","G","C","270869","5.86","41430","8.14","11","0.7%","","0","","5","","5","","6","",""
"Dawn's Light Archer","G","C","277751","5.97","41499","8.42","0","0.0%","","0","","0","","0","","0","",""
"Dundoolin Weaver","G","U","61033","3.48","18199","4.15","43","8.0%","","3","","13","","16","","27","",""
"Formidable Speaker","G","R","10973","2.00","5412","2.13","9","","","0","","0","","0","","9","",""
"Gilt-Leaf's Embrace","G","C","300223","6.71","39859","9.63","0","0.0%","","0","","0","","0","","0","",""
"Great Forest Druid","G","C","225729","4.82","39106","6.49","36","3.1%","","8","","9","","17","","19","",""
"Luminollusk","G","U","103983","5.63","14642","8.04","80","11.7%","","7","","29","","36","","44","",""
"Lys Alana Dignitary","G","U","70429","4.05","18084","4.85","0","","","0","","0","","0","","0","",""
"Lys Alana Informant","G","C","231513","4.88","47949","6.37","0","0.0%","","0","","0","","0","","0","",""
"Midnight Tilling","G","C","293154","6.66","47867","9.01","0","0.0%","","0","","0","","0","","0","",""
"Mistmeadow Council","G","C","239881","5.13","46588","6.76","85","5.8%","","11","","19","","30","","55","",""
"Moon-Vigil Adherents","G","U","50597","3.14","17547","3.54","7","","","0","","2","","2","","5","",""
"Morcant's Eyes","G","U","63849","3.96","19365","4.43","0","","","0","","0","","0","","0","",""
"Mutable Explorer","G","R","15337","2.58","5389","2.84","17","","","1","","3","","4","","13","",""
"Pitiless Fists","G","U","62812","3.60","19276","4.22","50","","","8","","11","","19","","31","",""
"Prismabasher","G","U","67515","3.87","17640","4.65","84","13.4%","","13","","32","","45","","39","",""
"Prismatic Undercurrents","G","U","110964","6.31","13685","9.24","32","3.3%","","6","","9","","15","","17","",""
"Pummeler for Hire","G","U","75392","4.19","16504","5.29","141","18.5%","","20","","41","","61","","80","",""
"Safewright Cavalry","G","C","245838","5.28","45167","7.04","0","0.0%","","0","","0","","0","","0","",""
"Sapling Nursery","G","R","15769","2.67","5410","2.90","0","","","0","","0","","0","","0","",""
"Selfless Safewright","G","R","13245","2.27","5670","2.47","0","","","0","","0","","0","","0","",""
"Shimmerwilds Growth","G","U","94667","5.28","14557","7.17","30","5.3%","","8","","8","","16","","14","",""
"Spry and Mighty","G","R","19522","3.00","6076","3.39","129","","","19","","34","","53","","76","",""
"Surly Farrier","G","C","280966","6.12","40027","8.64","22","1.5%","","3","","8","","11","","11","",""
"Tend the Sprigs","G","C","299242","6.83","33281","10.17","23","1.4%","","4","","5","","9","","14","",""
"Thoughtweft Charge","G","U","96014","5.13","14822","7.11","0","","","0","","0","","0","","0","",""
"Trystan, Callous Cultivator","G","R","14962","2.55","5960","2.81","5","","","2","","1","","3","","2","",""
"Unforgiving Aim","G","C","305675","7.02","33911","10.51","2","0.1%","","0","","2","","2","","0","",""
"Vinebred Brawler","G","U","81595","4.58","16047","5.89","0","","","0","","0","","0","","0","",""
"Virulent Emissary","G","U","58149","3.36","17568","3.97","0","","","0","","0","","0","","0","",""
"Wildvine Pummeler","G","C","274784","5.80","37007","8.45","236","13.0%","","41","","61","","102","","135","",""
"Abigale, Eloquent First-Year","WB","R","8976","1.67","5704","1.72","1114","98.1%","52.7%","209","","300","","509","55.6%","606","50.3%","5.3pp"
"Ashling's Command","UR","R","13393","2.37","6985","2.46","647","83.2%","56.0%","104","","180","","284","","361","",""
"Boggart Cursecrafter","BR","U","72372","4.42","15778","5.29","47","4.6%","","7","","10","","17","","30","",""
"Bre of Clan Stoutarm","WR","R","15461","2.67","5685","2.90","5429","100.0%","53.0%","917","54.1%","1383","60.5%","2300","58.0%","3160","49.4%","8.6pp"
"Brigid's Command","WG","R","17040","2.84","5594","3.20","149","","","33","","28","","61","","86","",""
"Catharsis","WR","M","6771","2.09","2729","2.19","2268","99.6%","52.7%","360","","572","58.4%","932","56.3%","1319","50.0%","6.4pp"
"Chaos Spewer","BR","C","288948","6.55","34736","9.55","2437","42.0%","50.0%","416","","633","51.5%","1049","50.1%","1395","49.8%","0.3pp"
"Chitinous Graspling","UG","C","284876","5.81","38826","8.60","50","4.2%","","9","","13","","22","","27","",""
"Deceit","UB","M","5284","1.75","3183","1.79","8","","","0","","0","","0","","8","",""
"Deepchannel Duelist","WU","U","58222","3.70","18281","4.12","17","3.2%","","3","","3","","6","","11","",""
"Deepway Navigator","WU","R","21429","3.36","6009","3.94","4","","","1","","1","","2","","2","",""
"Doran, Besieged by Time","WBG","R","20966","3.27","5754","3.69","59","","","7","","21","","28","","32","",""
"Dream Harvest","UB","R","32600","4.14","5235","5.58","4","","","1","","1","","2","","2","",""
"Eclipsed Boggart","BR","U","78624","4.59","17112","5.57","350","24.6%","","67","","89","","156","","190","",""
"Eclipsed Elf","BG","U","54142","3.33","18620","3.75","0","","","0","","0","","0","","0","",""
"Eclipsed Flamekin","UR","U","66693","3.93","20863","4.52","1648","76.0%","53.1%","285","","390","","675","54.8%","953","51.3%","3.5pp"
"Eclipsed Kithkin","WG","U","58637","3.51","17773","4.06","1315","72.4%","50.5%","240","","294","","534","51.7%","774","49.6%","2.1pp"
"Eclipsed Merrow","WU","U","64841","3.88","19821","4.42","212","22.4%","","31","","49","","80","","129","",""
"Emptiness","WB","M","5050","1.65","2913","1.70","421","","","81","","108","","189","","233","",""
"Feisty Spikeling","WR","C","271793","5.51","39146","7.97","8015","79.1%","50.5%","1437","49.2%","1849","49.4%","3286","49.3%","4683","51.3%","-2.0pp"
"Figure of Fable","WG","R","8126","1.56","5702","1.60","1331","98.2%","54.4%","254","","326","","580","63.1%","748","47.9%","15.2pp"
"Flaring Cinder","UR","C","276260","6.13","46966","8.32","2934","47.8%","53.4%","512","50.6%","699","53.8%","1211","52.4%","1697","53.8%","-1.4pp"
"Gangly Stompling","RG","C","268355","5.37","43370","7.71","4787","77.2%","51.8%","820","52.6%","1157","50.9%","1977","51.6%","2775","52.0%","-0.4pp"
"Glister Bairn","UG","U","91220","5.00","14339","7.01","0","","","0","","0","","0","","0","",""
"Grub's Command","BR","R","19132","3.12","6215","3.51","191","30.1%","","31","","54","","85","","105","",""
"High Perfect Morcant","BG","R","12496","2.28","5180","2.48","0","","","0","","0","","0","","0","",""
"Hovel Hurler","WR","U","71285","3.93","14500","5.05","7404","96.1%","52.0%","1185","48.9%","1877","55.3%","3062","52.8%","4372","51.4%","1.4pp"
"Kirol, Attentive First-Year","WR","R","19592","2.95","6579","3.33","2401","92.7%","51.4%","419","","599","55.3%","1018","54.1%","1389","49.5%","4.7pp"
"Lluwen, Imperfect Naturalist","BG","R","13495","2.32","5897","2.52","5","","","1","","1","","2","","3","",""
"Maralen, Fae Ascendant","UBG","R","14001","2.47","5623","2.64","0","","","0","","0","","0","","0","",""
"Merrow Skyswimmer","WU","C","217902","4.60","51641","5.86","4045","73.5%","50.3%","717","49.9%","1001","52.0%","1718","51.2%","2329","49.7%","1.4pp"
"Mischievous Sneakling","UB","C","250054","4.89","45319","6.87","4","0.4%","","0","","1","","1","","3","",""
"Morcant's Loyalist","BG","U","47870","3.13","17082","3.50","0","","","0","","0","","0","","0","",""
"Noggle Robber","RG","U","70921","3.89","19857","4.74","2185","86.7%","54.4%","371","","523","53.7%","894","55.0%","1294","54.1%","0.9pp"
"Prideful Feastling","WB","C","242939","4.74","39004","6.80","4729","83.7%","51.7%","842","51.1%","1102","52.5%","1944","51.9%","2747","51.5%","0.3pp"
"Raiding Schemes","RG","R","50896","6.08","6487","9.18","24","3.2%","","6","","6","","12","","12","",""
"Reaping Willow","WB","U","55993","3.28","16148","3.88","2532","90.9%","53.0%","422","","647","57.2%","1069","56.2%","1468","51.0%","5.3pp"
"Sanar, Innovative First-Year","UR","R","11252","2.02","7004","2.10","1333","99.4%","56.4%","209","","362","","571","62.2%","772","52.3%","9.8pp"
"Shadow Urchin","BR","R","18394","2.87","5634","3.25","1295","97.7%","51.6%","243","","310","","553","51.9%","745","51.4%","0.5pp"
"Stoic Grove-Guide","BG","C","266859","5.66","38318","8.05","0","0.0%","","0","","0","","0","","0","",""
"Sygg's Command","WU","R","19254","3.06","6138","3.51","60","","","9","","14","","23","","37","",""
"Tam, Mindful First-Year","UG","R","12101","2.11","5730","2.22","50","","","8","","17","","25","","26","",""
"Thoughtweft Lieutenant","WG","U","63390","3.93","16150","4.57","58","8.3%","","6","","13","","19","","39","",""
"Trystan's Command","BG","R","11964","2.17","6282","2.28","9","","","3","","1","","4","","5","",""
"Twinflame Travelers","UR","U","65921","4.03","18586","4.63","295","28.9%","","56","","66","","122","","172","",""
"Vibrance","RG","M","5095","1.66","3118","1.71","540","100.0%","50.9%","82","","127","","209","","331","",""
"Voracious Tome-Skimmer","UB","U","97150","5.57","14313","7.70","0","0.0%","","0","","0","","0","","0","",""
"Wary Farmer","WG","C","254882","5.33","42074","7.38","3401","60.4%","49.7%","609","48.4%","811","50.8%","1420","49.8%","1973","49.4%","0.4pp"
"Wistfulness","UG","M","4879","1.62","3158","1.67","8","","","0","","3","","3","","5","",""
"Chronicle of Victory","","M","3459","1.20","3137","1.20","238","","","44","","61","","105","","133","",""
"Dawn-Blessed Pennant","","U","97282","5.10","15431","7.14","284","27.5%","","46","","84","","130","","154","",""
"Firdoch Core","","C","298555","6.50","34788","9.71","1201","30.6%","49.4%","209","","267","","476","","719","50.3%",""
"Foraging Wickermaw","","C","283528","5.96","51267","8.22","3722","57.0%","51.3%","701","51.9%","907","51.5%","1608","51.7%","2117","51.0%","0.7pp"
"Gathering Stone","","U","61020","3.75","21544","4.07","719","61.2%","53.5%","119","","169","","288","","432","",""
"Mirrormind Crown","","R","46102","5.53","5323","8.65","69","10.2%","","13","","23","","36","","33","",""
"Puca's Eye","","U","121380","6.87","17931","9.66","255","13.9%","","51","","72","","123","","132","",""
"Springleaf Drum","","U","115714","6.34","13356","9.44","257","17.4%","","38","","68","","106","","151","",""
"Stalactite Dagger","","C","310953","6.96","38362","10.21","1295","29.3%","49.8%","221","","325","","546","48.9%","749","50.5%","-1.6pp"
"Blood Crypt","","R","34490","4.19","5939","5.81","375","50.3%","","66","","101","","167","","205","",""
"Eclipsed Realms","","U","104434","5.33","12722","7.97","523","48.4%","49.5%","92","","120","","212","","310","",""
"Evolving Wilds","","C","239054","4.62","49219","6.38","5007","94.2%","52.3%","945","55.4%","1199","50.8%","2144","52.8%","2858","52.0%","0.9pp"
"Hallowed Fountain","","R","32331","3.97","6160","5.34","264","40.1%","","49","","70","","119","","144","",""
"Overgrown Tomb","","R","30193","3.75","5910","4.95","18","","","4","","2","","6","","12","",""
"Steam Vents","","R","33711","4.07","6608","5.45","280","35.9%","","49","","72","","121","","157","",""
"Temple Garden","","R","31290","3.86","5611","5.21","264","47.1%","","52","","69","","121","","140","",""
"Idyllic Tutor","W","R","2366","5.43","270","","6","","","3","","1","","4","","2","",""
"Kinsbaile Cavalier","W","R","1516","3.96","283","","53","","","12","","8","","20","","33","",""
"Mistbind Clique","U","R","1225","3.39","282","","0","","","0","","0","","0","","0","",""
"Wanderwine Prophets","U","R","1448","3.89","242","","0","","","0","","0","","0","","0","",""
"Bitterblossom","B","M","481","","276","","5","","","1","","3","","4","","1","",""
"Faerie Macabre","B","C","2807","6.43","333","","0","","","0","","0","","0","","0","",""
"Goblin Chieftain","R","R","1230","3.61","276","","13","","","3","","1","","4","","9","",""
"Goblin Sharpshooter","R","R","1111","3.13","384","","78","","","13","","17","","30","","48","",""
"Heat Shimmer","R","R","2173","5.24","284","","18","","","2","","4","","6","","12","",""
"Devoted Druid","G","U","1545","3.75","331","","0","","","0","","0","","0","","0","",""
"Helix Pinnacle","G","R","2599","5.98","286","","0","","","0","","0","","0","","0","",""
"Leaf-Crowned Visionary","G","R","834","2.46","298","","0","","","0","","0","","0","","0","",""
"Regal Force","G","R","1245","3.43","325","","0","","","0","","0","","0","","0","",""
"Manamorphose","RG","U","2159","4.76","311","","34","","","3","","12","","15","","19","",""
"Risen Reef","UG","U","1371","3.70","384","","0","","","0","","0","","0","","0","",""
"Slippery Bogle","UG","U","2609","5.90","316","","0","","","0","","0","","0","","0","",""
"Dolmen Gate","","R","1057","3.16","180","","18","","","5","","4","","9","","9","",""
"Door of Destinies","","R","589","2.05","258","","27","","","6","","5","","11","","16","",""
"Painter's Servant","","M","1906","4.47","260","","0","","","0","","0","","0","","0","",""
"Thousand-Year Elixir","","R","2234","5.35","228","","0","","","0","","0","","0","","0","",""